difficulty,ILP,ILP stdev,ILP GPU,ILP GPU stdev,Hill Climbing v1,Hill Climbing v1 stdev,Hill Climbing v3,Hill Climbing v3 stdev,Offering Order,Offering Order stdev
1,181731.3,63795.711919724235,101080.0,139031.33531689897,3585.0,1152.5840533340725,4230.0,1431.1841251215722,2770.0,0.0
2,128873.66666666667,109612.73493683721,100719.0,138520.80422088227,4172.0,1368.804953234755,4747.666666666667,1357.451411039575,2770.0,0.0
3,128855.66666666667,109597.20390745986,133798.66666666666,113474.35199344975,5648.0,2310.1370810697217,5031.0,1862.860971731385,3058.0,0.0
4,136926.33333333334,116997.78348470254,146986.66666666666,126145.65905069161,5096.2,1370.0352915162441,4195.333333333333,1098.5127825079385,3026.0,0.0
5,129127.0,109582.82333924419,100659.5,138436.65851392108,4483.8,1062.672668322659,4168.0,1072.1958776268448,2770.0,0.0
6,128839.0,109582.82333924419,100634.5,138401.30317486177,4782.4,912.6887749939735,4105.666666666667,1018.3635565618663,2770.0,0.0
7,153572.5,102208.75143385064,100610.0,138366.6549425836,4070.2,836.7157223334577,4166.666666666667,1071.02256434369,2770.0,0.0
8,128839.0,109582.82333924419,100823.0,138260.58892540564,4050.2,807.6169884295401,4516.0,1180.7942242406168,5145.363636363636,873.5819678458654
