difficulty,ILP,ILP stdev,Hill Climbing v1,Hill Climbing v1 stdev,Hill Climbing v3,Hill Climbing v3 stdev,Offering Order,Offering Order stdev
4,6721529.873799725,1428556.396695764,10396.5,3140.746362616013,6095,3037.730731977408,7669,3653.2942668227533
