difficulty,ILP,ILP stdev,Hill Climbing v1,Hill Climbing v1 stdev,Hill Climbing v3,Hill Climbing v3 stdev,Offering Order,Offering Order stdev
3,3297881.7354497355,780307.5181278429,11494.4,4713.854346498203,10682.666666666666,3539.9538226743393,52157.75,52912.46748089402
