difficulty,ILP,ILP stdev,Hill Climbing v1,Hill Climbing v1 stdev,Hill Climbing v3,Hill Climbing v3 stdev,Offering Order,Offering Order stdev
3,4288901.564417178,1002420.5349343959,15079,6134.301155524292,9882.333333333334,3148.528714600943,68024.2,55644.73298704919
