difficulty,ILP,ILP stdev,ILP GPU,ILP GPU stdev,Hill Climbing v1,Hill Climbing v1 stdev,Hill Climbing v3,Hill Climbing v3 stdev,Offering Order,Offering Order stdev
1,0.1033767057955265,0.0006068068214016414,0.12235064789652825,0.006174570264929367,0.02561639405786991,0.00012942258624633484,0.02560352213680744,4.956988860871769e-05,0.011410873159766197,0.0002399715999677366
2,0.03271084569394588,0.0006073487755678351,0.1868283799290657,0.006468014240852578,0.04400127224624157,0.001746415196357723,0.040778072476387026,6.34961493023925e-05,0.011544946655631065,0.00015288614365328127
3,0.03350668273866177,0.0028914258714564482,0.18626792520284652,0.007483830723137476,0.05725270837545395,0.0004904288958464607,0.04077390566468239,7.429593343750734e-05,0.010538181066513061,0.0006965234801529639
4,0.03624766752123833,0.0052175974700994655,0.18707175023853778,0.005457728335867285,0.0706923521310091,0.0020429409619023677,0.041020135432481765,0.00035993103283258444,0.010440628603100776,3.9772239826754286e-05
5,0.036744856461882594,0.005138046633229966,0.18649842716753484,0.007693350344628415,0.07111931584775448,8.246335664348598e-05,0.04163731537759304,0.00041709727865219405,0.010442028492689133,4.608816245487775e-05
6,0.03538658387959003,0.004713575318947049,0.18810457110404968,0.008076494164144469,0.07112204670906067,7.743467818063373e-05,nan,nan,0.010436856970191002,4.3199703548279664e-05
7,0.03902421519160271,0.005210831626010204,0.18494753524661064,0.006045052619035081,nan,nan,nan,nan,0.010457867980003357,8.82748359593437e-05
8,0.034172896072268484,0.0035912322212328066,0.12109988726675511,0.006502491066253576,nan,nan,nan,nan,0.1772808836400509,0.00013078868170288745
