difficulty,ILP,ILP stdev,ILP GPU,ILP GPU stdev,Hill Climbing v1,Hill Climbing v1 stdev,Hill Climbing v3,Hill Climbing v3 stdev,Offering Order,Offering Order stdev
1,0.0931898932904005,0,0.03464478254318237,0,0.023751018568873405,0,0.01789962314069271,0,0.010813433676958084,0
2,0.0299366544932127,0,0.0606080312281847,0,0.04383862018585205,0,0.03248946741223335,0,0.010950105264782906,0
3,0.030798327177762985,0,0.10030070319771767,0,0.05979578010737896,0,0.04014080762863159,0,0.009683821350336075,0
4,0.03176737576723099,0,0.06065475381910801,0,0.061882445588707924,0,0.041221896186470985,0,0.006615849211812019,0
5,0.03123052418231964,0,0.05979987047612667,0,0.06512627564370632,0,0.041847025975584984,0,0.006647942587733269,0
6,0.03137097880244255,0,0.06007695384323597,0,0.06589947268366814,0,0.0426156185567379,0,0.006178535521030426,0
7,0.03198074921965599,0,0.06065260246396065,0,0.06675811670720577,0,0.04218764044344425,0,0.009855994954705238,0
8,0.03087180107831955,0,0.03252403065562248,0,0.06723476387560368,0,0.042515967041254044,0,0.16422063298523426,0
